cpu_usage,memory_usage,latency,packet_loss,throughput,error_rate,fault
61,20,294,5.126677259564164,684,3.395995756005847,1
24,23,151,2.9348882320812164,795,0.3828412921676949,0
81,69,126,9.317537194328164,782,2.103806008829629,1
70,39,234,3.9701504123719165,372,3.0084108200914805,1
30,44,8,0.8709276679577149,900,4.685544724598385,1
92,94,129,6.170665161178013,52,1.5590106847788432,1
96,46,264,1.138383934766014,743,1.248860812232599,1
84,14,157,3.452231428016921,255,3.2708007714304923,1
84,92,5,5.074119387178088,881,3.096195160267908,1
97,87,86,8.742225246851758,89,1.6605489165406229,1
33,35,175,4.935465803401186,108,4.640509177548933,1
12,71,290,7.022587660316643,623,4.224311637448164,1
31,13,193,9.928168389990704,693,1.1199127293254056,1
62,98,119,1.3148911989798162,556,1.1957127271726158,0
11,51,218,2.747315255195195,621,2.561501734435403,0
97,98,114,3.945760755976464,933,3.8678605086536018,1
39,27,145,4.218281785388314,892,0.22020189694232195,0
47,49,26,4.110210752655457,171,3.466675768673533,1
11,81,136,9.07611002556555,528,3.241179486910485,1
73,48,232,7.140326444668564,668,1.157400479564941,1
69,23,76,6.079052140907038,145,3.406765066206744,1
30,41,289,3.093727178627821,908,4.700915956260413,1
42,60,1,8.237903842212948,463,0.2339292248588426,1
85,47,147,9.550605114849889,284,1.5982602764603127,1
67,32,287,8.211982825502265,947,2.190883583331776,1
31,72,142,0.01565105191472904,111,4.496301794623448,1
98,24,53,6.36401370183407,305,4.811307233045784,1
58,34,69,0.5113538144210072,610,2.2205762324816614,0
68,26,90,2.5760722033372185,954,3.7501420607109557,1
51,75,220,0.5952470034777169,397,2.658305118822415,0
69,87,192,6.037954529493877,720,2.6889146737068828,1
89,62,63,6.865899134926067,173,1.390497575331782,1
24,60,73,1.1448763806590512,531,1.0847812293193977,0
71,48,161,3.838388830449795,366,1.4400267296202056,0
71,60,169,4.562365089555421,553,2.7816400362853964,0
56,79,89,3.690530217609166,768,0.14577593011044498,0
71,15,176,1.2102500048519305,97,4.536244721782029,1
60,76,269,4.1894779018747546,458,0.7814185477488811,1
64,16,73,7.511780478084181,981,1.1004433843569328,1
73,60,245,0.7100766453325547,185,2.591380882238232,0
12,81,77,0.8018001408190345,250,3.5505738316863966,1
60,51,159,3.547712918359842,299,0.4786452737219865,0
16,73,98,9.417257116189251,363,1.5884734877358109,1
30,24,102,6.6857264672291405,918,4.8433730278717855,1
82,38,132,6.786699566725648,417,1.3117148339047286,1
48,42,102,3.6191999083786497,478,1.5652507253157344,0
27,36,19,5.9366079120853845,879,4.182492453090168,1
13,45,82,0.10131184027743378,856,0.25107215845227626,0
98,38,279,6.360960464095422,529,2.323065844044854,1
69,47,129,9.132869475762368,363,1.8980838222583514,1
23,66,89,6.125734683448192,549,1.5829337995432557,1
18,36,213,8.736985934663451,770,1.4284979702238227,1
99,64,143,7.239730554660938,404,0.456870524302046,1
62,42,65,1.2055841640369025,534,1.5741291467582441,0
11,77,76,9.024533072858418,260,0.21526201357834285,1
93,95,199,0.6644384435577488,753,3.9048193182221764,1
69,75,143,5.3396747254776376,93,1.9911389697900583,1
80,19,93,1.4213712379345766,590,2.2195191615995578,0
53,14,224,0.11706610730904066,620,4.467972932250658,1
17,83,291,4.22034260127639,632,3.290274919306104,1
56,47,102,2.9504070765415626,141,0.040295516710598944,0
44,22,267,4.86000493797603,314,4.715874114806425,1
87,40,110,5.771998867345508,944,1.1857223298885562,1
90,56,265,0.4373907230894736,269,0.5380709237992942,1
45,97,3,1.2300329512374564,951,3.8406408919044113,1
59,61,85,5.586423964504253,974,2.502386579333591,1
13,65,282,3.4316735317265823,491,2.1688528300900876,1
11,24,117,7.29173487549448,450,1.2475153984137088,1
15,38,221,6.522916485919397,449,2.737357449311593,1
63,17,154,8.456043629899067,776,1.3719230260129374,1
13,14,153,6.924928266692253,948,4.507915026435338,1
63,38,12,4.299310773901482,838,1.0760223986659638,0
72,56,133,6.729666223944324,625,4.4217757522787675,1
27,77,293,2.753811742554185,907,2.7970271286367847,1
99,85,228,3.063134987782127,853,4.142440669476205,1
53,54,271,7.889851599207933,539,3.564229979304775,1
43,11,43,4.4641951640158215,534,3.483475557183743,1
83,36,21,7.983803405183525,806,1.6217290384752787,1
71,45,107,8.224223736682784,519,1.1694846573610174,1
23,45,117,8.575623376612837,623,1.0544311384039406,1
57,35,124,9.166352358412073,987,4.285958285297943,1
24,52,281,4.309852205132962,893,4.1021341012951,1
81,36,292,3.188668183211388,731,2.2028676400615366,1
87,78,203,5.821987465941138,494,0.662023067482273,1
96,29,51,3.711724234376276,318,1.9112612598872918,1
71,20,271,6.010741668002329,316,3.096717270684557,1
49,83,277,7.055858626438246,103,2.2720157723997643,1
94,47,141,6.884050184921369,577,3.900946342414975,1
89,15,275,3.7455288702012135,569,4.988114111256927,1
91,81,290,1.6686020169875282,665,0.9556604422444842,1
62,32,52,4.305293384622075,108,2.2982540982978623,0
33,56,27,1.4259414408190874,874,2.15491950960411,0
35,99,157,8.900970351838083,89,1.5224626637447543,1
98,55,239,3.458774607378574,286,0.9904775836014479,1
69,21,156,1.5445974722332378,435,0.3284605824482961,0
50,99,291,0.2544775990575088,655,4.435596586118492,1
38,22,136,6.458223862864843,783,2.099243488431588,1
24,71,144,6.369023174547433,765,2.4844775925002445,1
54,91,106,3.406041665812917,699,4.584710241004579,1
74,98,158,0.7171188884765101,349,3.8814523875797393,1
98,69,146,4.096288948952321,444,0.6525063205859211,1
80,52,2,3.1121749506339356,256,2.827099838038712,0
18,85,77,6.7712063973500936,385,2.2112613825977956,1
97,77,132,6.057792494526904,642,3.986055362893814,1
10,14,90,3.6459372819754,779,3.621162738059746,1
17,46,263,2.178925542549901,563,3.45202860955536,1
97,81,108,9.880359661555918,227,1.7027241773994843,1
72,40,74,4.540016211961149,445,4.024818651996273,1
20,18,39,6.88274235780237,420,0.2619564779743061,1
90,60,159,1.4055296757836078,907,0.7981245071608362,1
17,38,71,4.855896996593978,840,1.6781163648895587,0
44,87,241,0.27536719869465487,707,0.3840372053464064,0
44,49,298,5.054551179104499,367,1.174971387673458,1
42,50,36,9.640174071177023,785,4.150754914989591,1
14,95,84,3.8420671298580023,418,4.741257688950396,1
50,20,263,0.38996012574911587,433,1.5230117788709525,1
37,32,172,0.3095579091934353,111,1.3225790199441911,0
16,10,173,3.879867599468695,855,1.3994632612321345,0
82,55,47,1.6002493646319405,554,1.388595436754219,0
81,30,141,0.23352096328185912,288,0.17965091092986496,0
21,99,118,7.562136139501768,244,4.63458173165554,1
43,45,277,4.585230088818907,727,1.068490707851642,1
42,63,214,2.8924477197265452,271,2.100020370407025,0
57,96,220,9.000831830164808,110,0.0484344137048387,1
32,66,26,1.161389602005256,178,4.2897754545752855,1
71,10,9,9.559188289553193,734,3.655786722274586,1
97,72,271,3.139667173773528,205,4.733780175868516,1
46,63,10,8.884036723086812,966,3.908077395981995,1
53,64,121,6.029428764794615,427,1.5685325602603262,1
95,49,125,8.267073597414875,671,1.2393667936421182,1
44,24,170,9.840131632104644,830,3.4885815377664646,1
74,30,72,2.8840543781874572,972,1.820563875052497,0
56,56,152,9.61135485407593,917,2.831075078763083,1
87,82,208,3.8948189490242036,952,0.03128735513235115,1
12,62,49,3.8551190473692234,839,0.30942850840237623,0
10,18,154,3.403871042545057,635,2.676839705908256,0
14,83,293,5.414076073475852,486,2.8303582322408256,1
99,61,68,1.541450431784871,256,3.757264722296718,1
23,66,50,5.537114853580112,437,0.6598265981198087,1
36,35,152,5.41704812410004,529,2.565915418783894,1
18,50,19,7.6190181260487,840,0.972238222158443,1
88,44,100,8.336499619375855,936,0.46598059781347345,1
24,72,60,4.404413503124241,887,2.052478970302773,0
99,34,167,3.0233324935149373,389,0.8166832404452862,1
51,99,202,2.5933489731709445,918,1.108909890961593,0
86,84,146,1.9462383670487193,389,1.5877728993475086,1
60,47,164,0.5764758219902488,253,1.2969420037159813,0
72,11,242,3.424479788347133,210,0.437956487029732,0
61,16,69,2.7024769213078326,589,0.44958122429851144,0
13,91,175,9.664173858664073,441,0.9662470761708408,1
32,43,49,5.577088262500439,818,0.25279593979769477,1
24,26,108,3.4727703903050755,726,3.1322850983846355,1
52,52,226,5.80467600993696,624,1.4366335825445098,1
38,68,161,1.391967013456955,583,1.398729838845355,0
45,60,119,4.4404374920220295,119,1.659991471188826,0
22,63,149,6.262343214210638,942,3.3139813710486083,1
41,33,150,4.888978317924514,454,4.353169407417453,1
80,34,293,4.017788006543243,657,3.795434662778192,1
68,80,143,9.938483888996982,724,3.637646151125475,1
95,61,160,8.80314762148927,640,2.4219559280042464,1
37,79,11,6.234059581594401,566,3.469027784837059,1
75,97,138,5.693773611822827,877,2.7638118401679157,1
51,42,78,6.2066047982458405,169,1.0812526409326444,1
54,58,77,2.0131210782243327,863,1.0429418387052536,0
71,38,254,3.951377432643186,739,1.4819600343764172,1
66,72,258,0.3945953289089932,737,4.554013354849066,1
15,31,291,4.7554603748682664,951,2.737074201898629,1
37,35,263,5.4302458395766315,266,3.669526885009347,1
37,37,85,2.277497361032096,105,1.732793799082738,0
53,94,146,9.640288471655138,415,2.0385788533261264,1
93,58,42,9.09454610937242,748,0.6278278931862569,1
39,80,125,7.221432354559059,553,0.8564747891083518,1
71,90,167,5.333866287653626,793,4.136782774130728,1
84,93,241,8.69969159647685,816,2.9241931584444103,1
98,58,280,1.3065234382346291,974,1.6876623294190947,1
71,29,188,7.90509794274885,504,4.01425604497773,1
10,95,19,1.248208139668483,153,1.232599528189915,0
36,72,68,7.942106625494054,126,4.880163493001019,1
71,70,218,2.7576756825135695,279,1.7240880387308488,0
86,58,102,8.770905810181889,963,1.686554770756138,1
12,80,42,9.440420938253979,307,1.5595595276835261,1
79,10,288,1.4879596940511564,313,0.6105575796214396,1
81,22,167,4.626756050653935,380,0.555685736660062,0
36,96,109,9.809873781626852,231,3.240525172670617,1
18,60,36,4.834074359731466,942,4.375590222790235,1
71,65,232,8.635475225145452,817,3.9526025513583676,1
46,92,229,5.887315221313198,599,0.7055379701067555,1
60,71,164,3.753299079196019,737,2.7279106089603324,0
53,41,73,2.857835555258702,76,0.5279577298832,0
33,39,136,2.0322309108608727,325,0.22647321806538723,0
88,38,70,7.617981913776973,701,3.281929296923836,1
68,58,196,3.8654050682302787,348,2.6757616684017513,0
41,54,269,5.112754622007511,848,0.41011842605735427,1
97,39,49,4.9232548000118195,140,0.17469623202994222,1
61,25,130,5.772790292331313,529,4.948782067046674,1
71,49,5,8.655771456245523,622,0.1501066607453594,1
67,28,27,9.807393435834294,507,2.222641265250798,1
61,27,160,4.075842085738169,500,2.5230951230384777,0
21,10,149,8.27518922106303,414,0.5864007390022252,1
48,87,264,7.645277946547177,908,0.8453088921985813,1
11,56,230,5.735289514555733,724,1.7590250320517624,1
12,75,200,9.56047143611933,400,3.8083793810683133,1
65,47,50,2.004745155284028,704,2.5354121203013333,0
90,60,67,1.0926421030962141,449,3.1895093727648076,1
68,72,58,8.539619669554222,302,4.9258727754533735,1
11,13,259,4.391498166337483,830,3.840027176566048,1
11,10,130,8.469688542070605,930,2.1718074907060885,1
63,17,215,8.930902051954149,852,2.2322096089827435,1
96,38,172,0.6245759361907144,508,3.093860385205025,1
10,64,258,8.834647629860607,748,3.3268260420945217,1
28,12,102,4.483190553694222,966,2.5035546291833564,0
11,41,209,5.104324890042323,548,3.2243061140748996,1
62,19,291,6.265925110932102,999,0.11766247207049385,1
53,83,286,9.263826067300867,975,2.1481143194842205,1
99,92,116,0.1911609442976403,557,1.3946903803673838,1
41,43,264,4.768434683178171,353,0.645872226215552,1
79,96,150,6.877220424305607,550,0.49773256404387567,1
41,64,36,7.227069576982284,852,3.0159608280733377,1
77,41,287,6.92532431537108,647,2.6180027357630586,1
64,59,208,1.3443512940812186,215,1.2679205849818458,0
84,16,106,2.9939558837168123,464,2.3547502938625726,0
65,17,158,3.587155254170135,511,2.4611615759120413,0
26,74,121,8.04437207679505,969,0.975044902193079,1
47,66,55,2.7875987241455302,163,3.260465309408253,1
33,76,12,2.1070496386720317,482,3.904596781930452,1
78,97,145,9.574480190380962,405,3.957317704447595,1
79,96,136,0.088632851134689,977,3.0123491535172753,1
95,68,3,9.978208556819782,744,2.55819291259507,1
20,81,144,6.768212988573956,256,0.30503571502697446,1
25,63,30,8.28469299449117,817,1.4391564942580293,1
82,76,237,2.9461939634619316,284,0.4663572338908495,0
68,60,279,0.14315277667059978,491,4.819115804392368,1
79,17,115,7.3786951856153005,404,0.6754007311288035,1
89,43,104,8.341445970006758,564,0.7588770492555102,1
12,44,118,7.404761319535192,257,4.447883091652461,1
29,97,5,1.428502873008386,758,4.719641417382289,1
68,87,248,7.53427922256969,902,3.829145196174549,1
45,41,121,7.689227821076409,174,0.02702461836334935,1
28,55,286,6.585405156700549,187,0.006731354782818499,1
99,25,149,7.661159327955862,388,1.8905038489372539,1
76,77,84,8.459214396777321,586,0.7169768500544627,1
28,46,231,6.136041142374584,117,0.09193071075798642,1
29,63,288,0.8860471396967906,622,2.3203334470225236,1
80,94,161,4.876278096672109,590,4.715309487034858,1
61,23,272,0.7764933467160506,432,1.619097874512157,1
42,64,38,4.075430310324308,68,3.3057033921434824,1
49,57,226,4.071064891256277,732,3.2611767656622037,1
48,91,142,0.6600984414024158,499,1.2554005183258388,0
91,16,292,3.488205339694793,123,3.2521262441193217,1
10,83,151,1.1099809879131484,622,1.0616698714344563,0
20,16,114,8.082352100092221,988,0.6100370678844452,1
66,42,237,9.476880259644707,714,3.5069164277984504,1
98,32,66,0.7231647525793861,325,0.5672040855195837,1
59,94,258,9.551152072917015,97,4.984546092946776,1
32,28,249,5.225765993367451,260,0.9172620057511466,1
40,28,180,2.9956567795387388,904,2.9707093137822875,0
51,45,190,0.7686207527616351,969,2.056872857062947,0
16,38,154,5.006242680704178,700,0.6319321120283355,1
25,69,196,7.945155444907487,671,0.13921953788706698,1
99,91,262,7.070864772666981,744,3.1136614114641663,1
69,11,143,0.5022601146397376,589,4.033787818945631,1
11,10,101,0.7290183536790351,758,4.2100783075337205,1
10,56,244,4.028732826326371,240,2.4135673653846723,0
57,78,12,2.9529049404794327,364,3.8872773359119277,1
21,29,239,2.3238432305604784,950,3.3642356674427236,1
78,20,49,2.810044989087136,612,3.6212726374956663,1
46,11,42,8.034827432968846,710,2.4629950261090707,1
41,76,166,9.29228053631854,829,3.1670587012106353,1
18,96,82,4.051026945275664,611,4.027629567880285,1
28,21,291,9.061110021324971,949,1.9894208777851152,1
57,29,158,3.21495701247882,807,4.029894504337919,1
89,14,216,4.764369863437916,162,2.960084213945314,1
12,46,158,2.260289978159997,219,0.8295051218539312,0
29,47,134,6.404760421758439,517,0.12342078612292307,1
33,18,67,9.78981115174809,727,1.8137680019957603,1
63,62,7,6.034930960433787,970,2.733481641481699,1
42,53,14,3.5781408411354887,63,4.199101761017442,1
33,95,73,6.478174459905284,764,0.637428400701231,1
84,33,163,1.2292067846538757,337,4.001031738417896,1
81,90,66,8.886590802653986,956,4.315045230336135,1
45,83,130,5.030839507798364,238,0.7534374350041689,1
47,39,206,4.49349742039642,963,4.257971596521095,1
93,68,276,5.858647884535192,204,4.95726783921396,1
98,96,256,6.2478386278940246,616,3.634194155241188,1
34,90,266,0.7177580622651303,743,3.9238484091249397,1
27,90,25,6.826172212234024,771,4.972076337794367,1
91,23,281,2.419316803155296,937,3.027406252629727,1
75,18,253,7.139526325065898,520,1.539431910081247,1
63,49,289,8.225347943841967,124,4.187654170380278,1
44,75,164,8.039585075525203,326,3.0724288875581562,1
89,34,95,5.525009674078891,989,2.905977118604783,1
70,82,270,5.201698923107512,694,1.2681777775701915,1
50,31,110,1.4287596133941172,392,3.781671347914433,1
42,13,238,7.753461504031356,474,0.4083363793004813,1
77,35,25,2.7140938044671437,620,4.621435353973306,1
42,67,141,4.966954228179466,560,1.6291173038524236,0
23,38,117,2.842740929275167,906,0.6388732639499523,0
30,96,25,1.3382836299969314,231,2.211832665512094,0
57,46,79,6.2955769689173655,507,0.21234954628266578,1
29,84,68,0.5433203482290383,967,3.4231309713248317,1
17,79,173,7.486452341262,900,4.513527552226781,1
16,27,12,3.1758679526111666,882,4.186315035692544,1
76,94,288,0.0013469300448532007,113,0.6368473672394054,1
26,51,128,5.111291392372298,888,0.6313556855386593,1
42,50,96,0.46851908527603126,309,4.06717241162132,1
57,47,92,2.761695578208995,242,4.621271373015579,1
85,43,141,7.069764874557162,704,2.303349149167446,1
68,26,31,0.6268962162186587,665,2.4948555845688296,0
95,46,20,8.393384923560024,455,1.5913102069286293,1
31,34,146,0.03819922658583108,775,4.47132559128207,1
39,85,160,2.4682386920190225,803,3.2245145264617796,1
47,96,43,7.409040561520714,992,1.4412578858368423,1
60,95,254,3.162701497293068,770,1.493914355271258,1
63,94,130,1.0189238806601353,142,4.456000365318012,1
17,36,60,3.6023391880042785,479,0.06817011952910734,0
36,66,151,2.7039328638452553,703,1.613632863633192,0
36,40,287,8.427119021605549,483,2.771783406081845,1
30,15,5,3.1334791758514315,453,0.7410873104966231,0
39,49,266,7.889324717760072,483,0.46049377099794897,1
37,21,130,8.918721448107348,161,4.0763816554528,1
73,62,267,4.338174195765295,978,4.472021943242536,1
78,80,178,9.09943143854392,424,4.118032103990947,1
70,19,253,3.7731805396319285,108,4.493939448686739,1
57,54,56,9.640784164901081,92,2.7655598552918574,1
28,26,83,0.8928952452557293,256,4.06129060495171,1
13,35,99,6.870192665032428,829,1.920213191955502,1
44,94,149,4.938140404569287,345,3.3313393073951927,1
73,71,156,3.8764880545564706,167,4.944177656945822,1
58,55,190,6.327118787486009,581,1.128638619195637,1
26,73,263,7.038570916343312,271,1.949498731455403,1
53,11,80,0.04363269650309087,215,2.400236886550428,0
39,63,252,1.6695308874719872,692,0.6900774351002587,1
55,74,97,7.130460506343187,205,0.4051930523252839,1
15,60,260,6.663854135782064,233,4.148614331608122,1
46,62,260,9.660475051286772,139,4.883971864137931,1
33,45,103,7.61037790250783,143,2.0236253191482936,1
55,35,40,9.50772707731338,62,0.4382491809732664,1
62,38,273,7.02540501534807,883,0.3290588034528824,1
69,30,101,2.9805220863944317,854,4.456591031801493,1
72,20,221,1.0536492225085647,994,2.3190712486383998,0
94,49,124,7.818238633449356,791,1.6001365828119596,1
41,20,231,6.441492214759159,883,2.3823063561969975,1
96,45,178,0.4818601239329623,853,1.5915204734617365,1
42,68,63,3.6005046590097836,487,2.4451788765381,0
76,48,116,9.567998154842861,587,4.297781984589684,1
27,63,191,5.0040114571020125,636,2.9615068553104784,1
34,64,62,4.327291360197046,925,3.473268864050877,1
63,33,256,4.57699605159294,985,1.8233533811716829,1
67,31,7,2.0888272400516374,860,3.6925293925525935,1
76,78,155,3.6870717086479523,199,3.3330854243968617,1
55,65,92,3.698132559871766,709,0.5978099887602822,0
33,42,14,0.523550201874724,57,2.863214265577923,0
41,45,229,7.675676285179183,78,1.28371748154879,1
56,29,86,4.16504431903879,345,4.0204783481679645,1
95,92,133,8.221798868164234,975,2.1296885423346974,1
32,90,183,8.503480011198954,770,4.973420825982436,1
75,71,62,2.1199405469865806,689,0.46250218969481893,0
36,82,219,6.573534821701285,389,3.9017393137007925,1
11,35,246,4.722818041629817,677,3.368508667710782,1
99,75,230,8.80156737921485,488,3.837494152953527,1
26,82,79,2.157406791764541,193,1.5376489774522817,0
42,82,149,6.778132003100442,991,2.460272446912003,1
18,49,138,6.077521222527226,879,3.982542598618542,1
52,26,65,2.953014775718328,796,1.162706658104275,0
57,10,13,1.3660090365117261,568,1.1301659839432605,0
48,98,213,6.516397604772766,94,2.755254766474662,1
51,70,242,7.385974581323307,288,2.617817897649279,1
35,52,213,3.1562734376334998,993,1.4113123520646642,0
59,51,181,6.448326040223138,204,1.4903782526241138,1
34,34,173,3.9513090761150327,230,1.3892258160328275,0
33,48,160,7.132068832826177,264,3.8575603099924383,1
22,44,164,1.992152748940531,137,3.2595043278123033,1
69,12,188,8.902150026361744,305,4.162085917051264,1
16,53,191,2.8740959646557975,560,4.87736514157011,1
66,60,256,3.677859877561529,122,2.370821481359932,1
45,21,183,0.5809195208034978,980,0.33346940702724426,0
54,28,117,1.115122123212764,228,0.24046155206017716,0
29,53,282,5.158619027123281,261,1.4783251963580957,1
74,68,196,2.675926767279715,854,4.662722946762255,1
17,58,34,8.354802257421944,283,2.6160652748543747,1
25,70,52,0.14693388654953843,514,1.3589325804006458,0
23,26,112,3.7909404867193617,800,1.9958339725550978,0
85,83,252,3.3734554676909267,272,2.992975537023354,1
96,66,82,0.19327630917601035,680,3.2647482906892114,1
24,64,232,1.2436839900051022,874,0.7695975489145251,0
75,56,227,4.136426749186352,313,4.88515838272588,1
41,21,233,4.928645844474467,256,2.7238611349139443,0
96,71,221,4.042897472548691,656,0.6784415889613965,1
72,89,42,5.309376784120938,934,4.468176266730668,1
95,97,21,5.951316749056815,783,0.373192155397144,1
60,92,42,0.0992382112783563,415,4.538677165887563,1
34,17,113,4.640951594535039,325,4.982828281444912,1
67,30,105,9.634992408875883,429,3.502158995782519,1
72,90,192,5.190322801295487,792,3.8522361053699488,1
71,96,17,6.775422674589532,358,1.6865141823374319,1
31,89,120,3.118638579168832,680,4.707884263669669,1
67,79,129,7.739913781527625,317,2.648569830541838,1
67,81,130,7.729214818761151,994,3.661942232987774,1
95,34,60,5.212960476541389,834,4.620538579556397,1
58,91,48,9.760138232792135,113,4.875899879877542,1
61,98,29,1.2555021476265338,859,4.166021782983372,1
51,21,97,0.16947664889580993,399,1.51508753491015,0
79,24,10,7.701582117570959,974,4.832737582760412,1
24,68,242,8.071555373648826,964,3.140597656217859,1
63,35,232,1.2020722912057624,543,4.653212381759799,1
69,35,277,2.6558283295860607,572,3.380525129071759,1
17,56,284,0.1755236336662891,147,1.5361948092386024,1
62,41,203,2.933086107805647,995,1.8501226207140797,0
69,19,247,7.731418739186715,120,2.7523588855147025,1
14,25,290,5.179605277125789,413,3.95007420779941,1
77,80,264,3.480955931682881,619,1.5899127567016746,1
15,26,214,3.717392949063303,851,2.89865583067096,0
56,32,200,0.013536257154681541,812,1.7281249678820076,0
64,35,79,2.9980052756523587,325,4.078847023175536,1
49,94,173,6.464587416379305,99,2.3336404688397523,1
61,95,69,9.741944438163571,407,0.38361413426442614,1
25,16,87,8.470608269838994,777,0.8302626074076819,1
22,23,101,0.23594964645529126,955,0.30552333809816146,0
39,88,8,8.985606046748394,977,2.496514730071626,1
28,16,200,7.83198413298626,613,0.5316864867411358,1
26,18,87,7.803761235709804,832,0.5706998465481605,1
72,57,43,4.579957590035715,534,4.705241300191886,1
28,81,109,3.980052929545028,133,4.3632753608802775,1
67,68,152,3.029157288331926,948,2.26043298405683,0
64,96,17,0.6569485895436578,854,4.929026604251029,1
99,91,133,2.282353634936991,687,0.0009326408533155695,1
99,48,148,2.4660363497802464,857,3.069897281366969,1
71,27,277,4.840770697102016,633,3.0821408868593503,1
32,68,232,7.4744440659669396,345,2.287215279349441,1
18,26,228,4.7380982839794665,285,1.9847398646714642,0
21,23,139,0.5784444944716061,105,2.276915677403038,0
10,40,211,9.57789800988204,968,2.0748021803984025,1
67,33,28,9.427243190941123,409,3.652462387411497,1
10,69,51,7.851895431484084,956,0.6767771748664203,1
43,54,261,9.913279015642205,159,0.9881961029556507,1
57,12,261,5.444823328002629,241,0.902591141962118,1
98,46,8,9.627683502532062,953,1.3123529256063227,1
10,52,138,0.7560504061675077,142,2.6262920939079164,0
25,49,38,3.656807482613713,911,0.5560437366910936,0
70,99,111,2.253812680067658,617,4.340846476632521,1
73,64,220,1.9583308413427003,109,1.4868076565423616,0
72,96,223,1.4080294889267608,699,0.8126899373435392,0
78,48,136,6.224136415659967,88,3.3781065479912167,1
31,24,256,7.813218557473051,589,0.1904315029965964,1
76,13,49,5.782983994203606,98,3.099842824370821,1
85,95,292,1.4696270958820967,469,3.490992153382499,1
35,34,78,8.111237699334708,686,1.074582656933596,1
25,22,105,6.359547071637285,62,0.20982036721817143,1
60,91,169,3.881657061269955,85,1.8182267945972481,0
95,42,217,6.74130295536063,150,0.4929711512096824,1
66,25,119,2.5990497924283282,843,0.5823892483666854,0
38,51,190,3.451922084942105,135,1.271306157224323,0
87,75,255,9.174858431319903,565,1.4773396231337965,1
78,64,266,2.905045056714204,272,2.649851705107103,1
56,51,149,4.699882681579366,387,3.3919594275150655,1
71,43,164,8.901411373960146,215,2.963854704350924,1
78,39,140,7.077213502675274,432,0.741801686447584,1
85,22,258,0.6220322616470275,905,0.8604301622631322,1
25,22,269,1.4730304427897034,944,4.393846248964572,1
99,27,181,0.07841590771916818,425,2.7917615753205682,1
99,41,160,6.309217902291634,520,4.349689164488445,1
57,48,288,4.4767342541041835,839,1.8577325565993719,1
94,55,288,1.3427485090227553,691,3.072000037156619,1
48,38,226,9.579341210567705,80,2.6183170802730538,1
42,71,11,5.296597239456199,424,1.595617449102313,1
32,71,10,2.418932941128892,60,2.3495768601679767,0
19,66,271,5.006035711547075,351,2.51245438413466,1
78,25,273,6.796203327351078,145,1.003854873783393,1
43,65,183,0.7623921797356448,239,1.575051861883658,0
61,19,153,2.74703815047892,502,3.957048752534878,1
19,39,124,8.069654908839937,241,4.578941197270636,1
28,34,114,4.596648704026612,535,1.7989704677264973,0
67,93,278,5.465771420322949,315,1.5348614110450909,1
10,14,213,4.328160022094693,473,0.9759858228594126,0
78,74,172,0.4389994264300512,177,3.392455843252906,1
13,58,288,1.6574977982015593,287,1.6154985083316864,1
25,12,174,4.455416387418909,969,4.938747695495943,1
33,54,113,2.0918546540792784,404,1.6284240103197662,0
89,23,122,0.49979028659678737,989,1.9706802339131406,1
11,39,32,8.436496640518238,161,3.016670981060174,1
41,77,222,9.811925291641158,877,4.008421465956525,1
93,27,119,7.931428739967394,495,2.3475933267281683,1
33,71,39,8.53784921704667,392,2.1132801689447915,1
21,46,268,2.419771303170454,194,4.978189167974041,1
59,34,233,9.606269755131997,114,0.052468205699722215,1
44,57,18,1.9692570445342839,296,4.475326444256229,1
42,74,149,9.514298103618323,784,0.7457041296986872,1
42,62,149,9.94819293965951,539,3.929626381044567,1
70,88,126,7.117228057460487,874,3.0896577992314898,1
60,82,238,9.81143731791822,488,1.7092364274904603,1
52,24,135,5.695397795671036,155,4.369374777605092,1
21,58,151,2.595417831760903,230,0.06453613990495988,0
76,97,236,4.369958856656209,233,1.1334532603746184,0
74,77,224,5.93560935378786,275,2.83446398124768,1
42,21,203,0.7308156202701499,826,1.75771130024849,0
49,68,256,6.223432646172461,839,3.051887476591638,1
83,46,86,9.811778367622946,958,0.12055096704333412,1
52,70,150,1.9010764978372763,138,0.5822946524085626,0
53,52,235,7.925951162883833,737,0.6354812010921962,1
38,79,22,9.078987937796194,579,0.9464182295800472,1
22,48,285,9.437015928202207,420,2.296657204002714,1
21,65,269,9.601356044054473,985,3.760643497717856,1
55,72,258,5.214596387214719,962,4.527694189644506,1
11,55,29,9.773079079915037,448,4.176862651421231,1
44,97,213,7.573102071344389,155,0.9844393588784178,1
96,20,283,1.616714362369619,320,2.2057527611531618,1
90,71,50,4.7690010646797,880,0.997057988792675,1
99,86,95,7.18331175372004,552,1.3223590833359538,1
17,34,88,2.473403158190833,728,2.5177349075594306,0
35,80,44,6.406151835488874,574,0.3405451236176127,1
83,61,278,6.666004790466192,898,1.090871647966366,1
99,13,171,1.6269974380856589,81,4.676890806535586,1
43,68,189,5.650853124527563,442,2.330581463292445,1
16,81,184,7.716269109786077,89,2.226932629889361,1
77,29,3,4.988956645359419,709,0.0728357737563945,0
67,72,191,0.12103116776107425,267,1.2369987352917289,0
84,63,118,0.09038469079292177,780,4.331462179910907,1
38,83,19,3.570293439700122,131,0.8231421412933437,0
45,66,23,9.26194068431782,894,2.0756246976736055,1
98,99,30,2.286767796036088,769,0.07165452933500627,1
30,50,295,6.343636888716872,250,2.391677408352779,1
45,12,108,2.2207587069332058,496,0.10510553363108577,0
19,15,281,3.216699896595486,893,4.0980477653289995,1
82,14,128,8.48042089601484,477,4.124268837435518,1
33,14,229,7.288614422699469,87,3.9387109415118493,1
73,63,111,0.9539927731321063,260,1.4168203444555911,0
58,56,136,4.287020209864336,493,4.18618609110909,1
45,96,186,0.2916976364526447,376,2.7149906630263465,0
91,58,144,4.80890146603009,810,1.8690405443350122,1
33,18,72,6.62434011701068,276,3.126649798521165,1
32,29,129,1.1850262359815156,97,0.06170523030187003,0
71,70,261,2.8888493890916567,67,0.7148043880037608,1
46,44,3,3.9783662550215695,961,3.711467690851314,1
21,59,104,9.195310246560497,488,1.2208080435807651,1
64,91,224,9.93255015422964,856,2.990045586643748,1
22,71,10,0.44911298995615856,757,1.9255130141151482,0
32,26,231,7.61007923495392,236,4.274028893996308,1
98,97,219,3.717240664023432,394,4.762076529983218,1
39,12,66,3.9245818622948003,273,4.417823641850952,1
26,41,112,7.542649733470227,879,1.3530999734679834,1
71,22,13,9.184264321454087,537,0.9708143452304113,1
93,98,86,9.509285945025484,958,2.372174468103675,1
98,82,234,5.771225860383208,926,0.03667075418090138,1
95,77,90,3.571211593005028,898,0.12904696431590867,1
22,23,54,7.875490858587792,278,2.7664531981150002,1
68,20,12,2.5100138326230024,439,2.6022470208264297,0
28,65,209,5.640740288335177,638,4.9729099451762995,1
58,76,14,3.5857846152487314,237,1.0092091768187905,0
21,38,121,6.566310737078761,907,1.290519645802342,1
70,18,20,2.403989128935069,319,0.5677032116314334,0
28,76,75,1.9159294573482577,656,4.5877150482687235,1
85,34,243,9.182390866754371,359,3.8890562222922536,1
18,85,223,1.018036829495369,181,4.1116955572842375,1
80,51,70,5.059579077349317,600,4.513818939822544,1
37,18,211,2.208527829630089,121,2.6244999336291914,0
87,88,101,0.3892996332566745,842,2.2559659572536184,1
61,49,186,0.3601881829142639,894,1.6519573683280826,0
92,34,132,1.7522177210582734,721,2.9460730717392773,1
25,14,111,8.667703545060002,236,2.271391983949113,1
78,20,132,2.8247874397702666,535,2.2578279330278757,0
21,68,20,9.504591705752958,240,4.6846393186556945,1
34,97,24,5.816222929891936,471,4.9201575713956505,1
61,88,227,4.366141897687661,169,3.9824219466479036,1
94,47,154,5.800888346694546,269,3.7837904512346414,1
62,81,293,5.166983852262677,102,3.4027908088955074,1
32,14,230,7.587762537573251,783,0.8303742616675686,1
25,57,202,2.8249606597285224,500,0.2955291043782726,0
66,99,38,3.530503916003024,461,3.4536315755663156,1
48,27,260,8.940943025332507,692,3.64393111128288,1
62,79,188,9.464565131504054,286,0.23486495549069897,1
51,46,57,8.925582274864745,807,4.64025875114424,1
67,69,20,4.194479939573136,787,0.4557031972233877,0
48,57,273,7.803655030068817,769,1.429502668856012,1
23,86,119,4.763357333010988,455,3.3619490639935226,1
14,37,71,4.975398521461022,657,0.8493629720223816,0
44,78,4,2.0468010905728393,471,0.27707944221122216,0
96,86,221,5.911303032585165,761,1.655732445820749,1
84,90,14,1.8613589775334793,296,3.8298578742758953,1
27,49,3,3.3156469906719375,121,2.068393394926302,0
85,54,216,8.550302016199351,879,3.2648646095396967,1
18,71,229,2.0707580921085524,234,2.8980954861406834,0
83,67,186,0.7115828517343281,55,0.11109241012790205,0
67,76,55,0.690075926128163,255,4.942699935228533,1
26,65,254,9.407845205031078,593,0.20714044409693877,1
16,49,24,5.069204379618347,660,4.839013688242425,1
55,49,162,4.094120718170183,955,2.749320891821991,0
22,86,158,8.108785810079183,436,4.815795135325333,1
49,42,82,8.35825927910516,817,0.5737679970691772,1
51,15,159,3.321910331156046,748,2.452042595927566,0
18,97,188,6.936180574737953,125,0.8475204593302932,1
59,28,60,7.711228158518866,226,0.25487438511221205,1
36,89,211,6.546506868659545,876,3.0876455753115577,1
75,49,152,1.5159507480009937,848,1.0389171048084571,0
14,68,109,8.75883083517057,398,2.93848509143773,1
38,68,76,5.390945527360087,304,0.5618224097449281,1
46,57,30,2.8247242637000367,886,1.6599323571635138,0
47,50,117,4.252281854376939,751,3.908162790266236,1
92,22,192,0.3757109039890738,357,2.185257609210938,1
17,54,19,1.2786680122241756,394,3.138727074486682,1
74,98,173,7.655467505158608,176,3.23728970372773,1
95,62,228,0.00011634755366141114,986,4.218775219936468,1
26,51,183,4.165658284822921,336,1.6246139720332065,0
80,72,113,5.225101810855884,815,3.436477812912588,1
98,36,183,0.546344200009723,774,4.808079035230828,1
54,47,146,9.730781629723328,811,3.6512166717893404,1
13,69,116,2.261253312496719,645,2.4493523835887228,0
45,16,113,3.0419871963628085,536,3.153587222459646,1
79,14,251,3.0394251225502735,432,3.6984144888155406,1
40,54,251,2.304166621173499,455,3.061378828469362,1
28,67,118,0.01473822086311416,437,0.08337906744919577,0
70,40,161,7.293447940879964,574,0.9738674884361292,1
63,32,198,9.668454997992853,606,4.05234108607733,1
48,51,260,2.242934832850451,688,1.3632532365624233,1
83,19,148,6.630471918034225,987,3.6578105978056694,1
99,41,240,7.418963269587151,675,1.8606010762084935,1
28,62,47,8.484253790905248,994,2.6094216407897157,1
48,39,198,4.226291970136091,325,0.3398664990970185,0
76,48,47,3.0293090564042924,549,0.9061278052485477,0
54,40,78,3.252951340230311,766,4.785984817596173,1
22,91,124,7.126213330985128,386,4.45069026723457,1
67,11,75,8.16779466505636,999,3.261375554495251,1
29,87,137,1.8161396775660266,981,2.2982229869286868,0
81,86,90,3.7094100815776523,530,3.378806464476119,1
70,21,61,9.0194019674915,946,3.093051445469695,1
48,48,138,8.066935196947393,960,2.8427612780230604,1
10,75,50,9.848584027624758,322,0.2958853593177091,1
12,22,259,7.542482596820808,969,3.1640130533075346,1
86,55,107,3.9319520102792227,107,3.844600222855842,1
71,36,113,5.906378339946378,377,4.970408273227878,1
72,26,254,6.610142542473203,780,0.05539276297154838,1
34,69,118,0.7845581631712395,158,3.6508672665533832,1
65,73,198,5.444969591038651,328,2.8589465796799023,1
42,97,51,7.093208284726096,735,2.1702608804047836,1
47,44,245,1.6732130400106038,377,0.6378508728568544,0
15,79,35,7.806317174255572,825,2.045425743174381,1
67,92,69,5.8377278051411166,364,1.7718859149306765,1
53,39,49,9.522217856975946,523,1.514149444893711,1
54,80,74,0.42422298206891695,160,3.6543981166110386,1
41,83,192,2.6532613755546697,748,3.503627606421319,1
54,72,261,6.015538792998241,830,2.9451004549045576,1
70,37,70,2.9655991220593068,984,4.693324066466861,1
56,69,90,7.144241640712422,278,1.7492719209042722,1
30,88,260,7.59005282521931,546,1.2190096885508979,1
89,46,126,1.0251596406647445,205,3.2795165654919978,1
94,31,231,5.138544642067677,522,0.9940703046870147,1
84,77,295,5.088905555910559,750,1.575052535917123,1
45,29,129,3.6928077021554104,321,1.1230122003744243,0
28,77,280,9.32924862569672,936,0.34576783859250615,1
29,73,100,8.275063198732212,51,4.137493708178367,1
66,26,297,6.972093819096368,807,1.2727027146083059,1
27,21,182,7.143266357349976,771,2.3651375167151034,1
56,31,174,4.617161438131191,560,0.21657636627155974,0
58,26,188,9.209945210965758,962,3.4966973312632152,1
23,19,57,6.945954272532854,335,1.652805011531454,1
24,74,31,7.289810616558165,920,3.7236836391460497,1
40,31,84,8.616909037873452,62,2.0620153023393306,1
10,99,152,2.74071589342191,657,0.9787780320281231,0
63,91,36,8.07070903866703,547,2.5658754114101794,1
12,59,213,1.9524060295649204,782,0.6525227981871989,0
25,23,106,3.453419522448878,287,2.2026957993649736,0
96,73,220,3.356104542698427,143,1.5865273871024326,1
66,56,163,9.785254683891406,387,4.559797920998166,1
84,38,220,8.565372237479268,830,0.30464360860359974,1
21,85,270,7.011698615902597,220,3.4700870705287103,1
83,45,120,7.270567616153901,655,0.9137558299371795,1
25,61,182,5.6207279440257105,710,1.5952253716611993,1
81,85,106,9.47090667108519,673,2.0775703153103295,1
85,16,217,4.962587528823615,616,4.540075446874871,1
33,38,205,3.8051770986989455,898,1.2128913303691258,0
37,20,70,1.63035336931591,985,0.4565440127233511,0
17,42,44,7.86205652261058,516,1.593448019952618,1
45,15,228,7.344439320755915,677,0.5233798526776667,1
99,88,184,3.8435503852413486,192,0.6429824298027625,1
17,41,107,0.2519341395922936,250,2.8692529898751333,0
67,60,84,8.389973277180108,229,0.3045096654974666,1
69,84,250,0.11417983454073632,763,0.15465440696783017,0
59,67,21,7.0369977962905095,413,3.572070507352489,1
37,96,196,9.70257109726057,528,1.8082354742052225,1
50,35,178,4.376613281482035,614,0.6268767461693664,0
73,55,7,2.349734049959528,520,1.2680638542985412,0
36,38,70,7.0487101004338175,433,3.2104325367619952,1
72,13,127,8.171281420155852,741,1.3776828357042559,1
26,90,160,5.464303160778473,975,2.4726056256020397,1
82,22,248,9.670352752561461,466,0.6084765336333614,1
42,48,203,0.516687216579611,874,2.9404681880272348,0
93,24,148,5.047955983045282,357,1.5803884192163205,1
86,38,143,7.184539473225501,698,3.134842172643583,1
38,38,199,8.626404711491789,743,4.041974411520115,1
22,84,154,1.7925561190779005,416,3.058232096949962,1
55,41,142,8.000034817636815,50,1.4787378129751034,1
44,11,165,5.527070757185452,93,1.278718507741502,1
15,56,21,3.965536819899632,788,1.63710479366724,0
91,87,82,1.3171502857909356,892,0.8231025661825242,1
78,93,69,8.652957589089125,147,0.9058592542501004,1
56,31,131,1.5727320817971535,769,3.9534555095008397,1
34,84,87,3.0978785920909924,314,1.9236628825372248,0
75,36,218,2.9004553196243688,849,2.179975902852929,0
19,76,161,8.714140341908543,832,2.9702473278340555,1
65,90,178,6.72702994208898,189,2.948267475757738,1
39,65,117,7.966813971913723,530,0.33688435760962865,1
14,30,196,2.50467898792499,286,4.157703931688328,1
42,56,86,6.248740996069989,953,0.8866327661196971,1
74,89,289,5.717459831437487,121,3.6153581802483443,1
27,68,81,8.32830376788271,716,3.863354940640833,1
58,93,152,9.060870604812605,239,3.5744976704565685,1
20,15,61,0.12156771477386807,317,2.894888232770726,0
94,28,61,6.740199190587926,370,0.0730449855444143,1
35,66,28,0.5183579911972902,156,1.8018774618158533,0
72,78,43,5.488586650773559,281,3.024197146812906,1
98,12,169,2.876327290436782,91,1.9372564796126934,1
95,10,86,3.067765995221412,751,4.317399474564065,1
68,67,177,3.5295850345235658,932,1.5440113767480768,0
36,47,17,6.212924490496102,188,1.4676739622933022,1
58,24,98,3.340499656687692,664,1.3299884654632899,0
86,43,198,7.326990505902804,732,1.6639043448039774,1
42,70,98,4.045273855738697,912,2.787024821570936,0
10,44,65,0.6835320030995862,322,3.535076471362954,1
30,73,5,7.837598424841072,530,3.3128395886939255,1
64,34,2,2.85758324592706,465,4.038589099907398,1
15,33,22,4.3276687959926265,555,4.429569977487125,1
90,21,112,6.8544388322190155,782,4.080395211716756,1
78,27,57,3.32456157148712,774,0.09472701687177287,0
14,24,66,0.5658565614671562,902,3.6795897677599436,1
12,89,98,3.739210470128136,473,1.041997868091658,0
62,36,144,9.444485826943033,456,0.6646402135399132,1
32,81,125,6.417343972985582,617,3.1924439239956777,1
62,69,167,6.71479148667207,439,1.5987159770384745,1
46,55,86,6.322821536376399,391,0.2855858168522163,1
83,98,76,1.989921389594368,995,0.6881486719918067,0
83,26,294,4.183338641022801,663,0.004647084349805319,1
92,62,59,7.509397983633183,982,4.516118136723536,1
26,17,138,1.0137289755315915,542,0.12308991920619294,0
94,88,99,2.7785277608971226,241,1.0472788475475552,1
87,36,192,2.763191084658536,548,2.0813139034395367,1
82,55,243,4.32018927594506,871,1.7828566297540953,0
10,59,49,9.803687409421851,761,4.558629384563878,1
60,80,32,0.6750254668382194,282,0.20144472867271057,0
54,12,277,5.1870099438059505,994,2.5610735383852576,1
86,73,20,1.7936468201221045,276,3.40239731262187,1
13,53,154,9.706765454097441,420,4.6584898684058444,1
71,62,68,1.133035047274642,188,3.101856260618605,1
74,33,214,4.036010023615912,905,4.018776180058813,1
41,69,143,7.378849848346062,866,0.418624689226742,1
43,12,232,7.045544280274453,198,1.9296975546846369,1
81,29,213,4.227286368939323,164,1.8697356723953373,0
48,55,79,3.4652416795271823,499,4.431441082278588,1
35,24,214,3.9761237855287055,112,0.7568558563163746,0
43,34,116,2.642762631586393,153,0.7594308616831513,0
63,87,92,2.053329387067998,900,1.6427907494289924,0
12,80,270,4.8303969755889,920,0.2723302368341879,1
59,26,168,2.685337560676073,717,0.9122902032624502,0
21,93,58,2.874616648972501,322,4.826048192728676,1
74,18,284,6.56756063474557,55,2.140919699335864,1
63,47,26,9.685373316998922,196,3.160096042112182,1
14,57,66,6.036372005593751,233,3.6305562967231846,1
66,69,248,0.7697946706496628,77,1.8348070350360024,0
26,72,254,0.7558361385406698,599,0.7361353720525848,1
56,95,44,9.51423220845566,168,1.032905081108904,1
32,11,97,2.9729079030733363,342,1.5663323829030518,0
88,97,42,0.9206698608247543,420,3.1803421017611284,1
94,81,227,5.990445871503816,293,1.991402745445272,1
23,20,262,6.236487782902661,629,0.0340734895006406,1
75,73,167,6.485048201186881,775,2.617035925337359,1
84,86,279,2.674020278575413,267,4.607566959537089,1
60,90,89,0.15110684214475034,226,4.060388055043395,1
47,81,178,9.650153694544718,348,4.126056856298155,1
73,30,197,2.508930456911025,725,3.975290088030656,1
47,27,267,6.760262880525475,107,1.6186541280521183,1
59,73,268,7.0662986987870955,318,3.8259691687719597,1
91,91,74,6.100074170794857,357,0.715806789055965,1
39,47,8,3.129073942136482,619,3.2885807363797674,1
88,41,297,2.7109625376406576,337,3.207842833424972,1
60,20,164,5.976682827027031,154,0.12784899544867334,1
72,54,85,8.660956336116914,277,3.939850667954658,1
61,98,72,9.467337289233956,296,4.516240525475653,1
47,42,55,1.0590580440375763,749,1.3370763923605384,0
97,50,47,1.5482861259771985,543,4.061953620930755,1
88,17,238,9.447362587830796,132,0.412029859309741,1
39,20,104,7.365352283347926,235,2.9998392913053302,1
60,95,210,8.829938248297731,301,2.4282343266713857,1
90,60,42,2.026326341353432,404,2.729617666545,1
14,97,268,5.875858711094018,799,4.631026009421725,1
38,50,263,7.011395944174737,921,4.356576236234267,1
13,26,259,6.801118854469727,745,3.925418286198785,1
19,85,283,4.081516908666981,845,1.3684922883918549,1
65,55,114,0.15394891691308477,946,4.5590931434304585,1
26,41,40,5.829260568042631,987,0.48753846231937625,1
83,88,220,2.5310153917960876,259,4.2666460827939385,1
26,89,129,4.502542461428903,865,1.640800361768039,0
93,63,8,9.575810150838173,857,0.26886155830991687,1
97,95,101,3.990353176424347,658,3.3467849212037413,1
78,29,176,8.398016066644267,496,1.1563996415797773,1
43,42,107,1.8854060574925113,509,1.2178556293231595,0
15,83,101,6.724604980250288,521,1.5302358311438575,1
62,49,260,9.770069544389434,769,0.31842383751258363,1
75,41,246,1.018931008729368,419,0.8856357209912702,0
86,11,275,0.08319942227192012,949,0.025698137927801512,1
52,42,32,4.335827926326143,983,2.227047605528934,0
84,86,137,0.926254830513672,541,0.42127688708985644,0
32,39,12,7.483843496762313,972,3.413263025220995,1
64,42,16,9.14548663848559,186,1.178114255958242,1
89,86,129,4.340209727087588,416,4.717870720175886,1
84,35,63,2.5871164215544096,961,4.356258136993263,1
25,31,109,4.344033190066098,233,1.4472044748410413,0
17,75,21,7.2344781785000105,637,3.9160772732833937,1
13,47,158,0.09054161580370979,336,4.0162245233240315,1
13,99,269,5.894539894846972,521,4.932815570572052,1
65,55,162,6.132916848873791,424,2.9891999342284246,1
34,24,260,6.376882468959355,703,0.40982867321831096,1
76,53,102,2.420220799808772,798,3.234186144631905,1
76,58,223,7.140527233781268,586,3.124898741880176,1
36,84,59,0.9139148633177641,560,3.191752887102159,1
41,70,247,1.9927033646680081,851,1.5357282405210575,0
59,76,128,8.77470046654482,628,4.298397925401664,1
70,15,283,7.387231507265664,299,4.79736091477706,1
60,18,25,0.1374555401134525,969,1.0885625648907578,0
28,15,131,2.4837626036980023,559,0.44076079068322227,0
30,82,196,2.1440648299316454,679,0.9726751658424204,0
14,41,281,2.7080632803697258,122,4.102760696278594,1
91,50,154,2.475597702798864,331,3.3832231740992373,1
51,85,133,0.6252629574284574,965,3.180236711695633,1
70,17,227,4.589405165968204,409,2.0089656755471226,0
31,81,189,7.327334747861651,59,2.8891398575571787,1
30,59,265,6.067317247174364,260,1.539370626371837,1
79,71,134,6.728716685980798,884,2.3860003970898065,1
10,93,211,0.8114917853623915,201,3.9653151418532797,1
14,71,60,9.514907101767871,54,4.906207987277311,1
21,16,213,8.384918338430248,244,4.662444617949009,1
99,84,216,8.050903184956628,332,4.669329714231244,1
55,93,226,8.229838050417674,513,2.011118674235562,1
43,89,131,9.327105081327613,162,2.343949402533955,1
58,13,76,5.442539661136977,320,3.528176981844908,1
87,15,286,2.002820178676259,212,4.6109596402564215,1
99,67,277,6.167836078525411,509,0.7099712967604233,1
54,31,156,7.42881493667939,154,1.5212093191359788,1
36,35,248,7.379173933540254,742,0.6962342229705476,1
82,12,218,5.214490241668801,605,3.0600426497972766,1
35,50,190,0.6845871933357806,331,1.5315049844376878,0
56,69,163,3.7111293843012785,736,1.6305392625628672,0
95,23,180,9.207666084633573,211,0.3545797974398962,1
65,84,34,5.84448909757426,400,1.7489803090379596,1
72,91,41,5.383319432557134,483,4.312482537007927,1
57,21,75,2.688535143821935,901,1.1653640594541748,0
70,96,279,3.684489199165789,189,3.4759373310503285,1
90,21,176,8.953460891531693,520,3.1481417246929633,1
35,22,150,6.664630475268357,181,4.317423041845577,1
45,34,273,7.873870267523328,136,0.6614397382551912,1
10,54,108,4.543454230676551,737,4.887949801725216,1
17,28,139,6.302472194561579,232,2.913143230201828,1
61,64,271,2.483836087432075,417,4.977370761734072,1
88,54,289,7.054608302834863,178,4.557573629329254,1
56,17,212,4.276013337033373,295,1.107586360565529,0
65,62,272,4.4254551481474556,650,0.2808100495165655,1
95,64,66,6.493223245768816,627,1.2781954689768078,1
23,41,248,9.362806214689266,719,2.6378182449970993,1
99,60,156,0.6400634660862092,948,0.85798183532595,1
37,53,47,8.247432373470076,427,0.8372987225899425,1
96,91,201,2.9238311041219314,198,2.3129677355257656,1
87,79,148,4.439194545063778,901,0.16633985584679212,1
97,27,124,0.21913328775008956,482,0.6094404126613523,1
11,92,1,3.0104607783431305,677,2.079306697039738,0
35,31,247,5.026312426301304,775,0.3156495460398323,1
23,46,128,0.5617607734743901,518,1.9837752822776467,0
68,65,191,4.910957293831651,495,2.3700313297422255,0
65,68,67,9.271106288584273,530,2.256333070365572,1
16,12,4,1.0539321810780522,933,4.3458742870154365,1
12,37,294,7.644407280755043,343,2.650312275258662,1
32,83,143,4.096710533759927,814,2.3399023123902167,0
27,44,191,6.55173714524338,192,2.053546226958331,1
47,70,21,2.6023659798522933,299,4.08811689152243,1
24,63,227,1.5949226254135829,927,4.475283019999166,1
73,72,117,1.6046261427122643,997,4.266212345985588,1
98,88,142,0.7049194564314465,351,3.367732890656954,1
37,16,39,1.8564670490124302,74,0.6868087298433712,0
83,85,252,6.642193849889683,838,1.3843498474600613,1
48,58,207,8.81690611843508,938,0.23031531840988717,1
66,94,210,8.141256855911617,939,4.654120374950571,1
26,40,115,6.851343098744841,950,3.303992648454552,1
95,67,225,1.1043186341110267,119,3.7318144215662077,1
99,70,134,2.8918744629594983,674,1.5578586979111448,1
53,33,251,3.0980687532246898,924,4.228267611386712,1
34,29,219,2.4995694639762123,161,1.2980164185423926,0
26,46,91,5.150056597097231,413,0.00821878556224842,1
22,13,46,5.355538148796725,352,1.8820748126034696,1
93,29,38,3.568859751711102,520,2.853807404795367,1
34,69,142,3.53789158736436,140,2.393524289827613,0
77,33,100,8.285555979060813,579,4.310380712882985,1
19,59,190,7.892928483196856,710,0.5270264297808347,1
76,58,35,3.0779583168074565,788,2.7691172031686277,0
27,60,147,9.137884438732593,775,2.564896749104537,1
95,45,30,9.52815017002506,921,1.406964910860815,1
43,75,84,3.267425420300408,712,4.111140562885053,1
17,88,281,3.5442494879305486,241,3.7642432794110317,1
49,43,270,5.056341534219588,601,3.6642959366591548,1
92,45,154,9.411208125336735,291,4.38096239134778,1
51,15,102,8.763194331423115,187,3.613923003107606,1
50,48,215,1.025679625835898,394,1.1592064585736321,0
15,51,150,3.927307432714162,229,3.5278135582484555,1
61,67,83,5.533711897497718,761,1.5385140669492192,1
35,21,110,5.0313247255154,552,1.2108732517373526,1
73,12,275,1.9386306793689267,252,0.3650179644981366,1
68,27,201,8.588167711681546,622,3.7201429017383836,1
65,49,284,6.769407829968373,241,3.555004809749056,1
68,30,173,8.379083748518037,54,1.1724973883704686,1
79,24,206,8.587642793494721,939,3.74689508362078,1
42,35,63,7.483558536657398,286,4.589204415467766,1
62,17,73,4.392106012497173,742,0.5401447874578963,0
31,96,251,6.105467550154246,360,1.1631831919338746,1
30,51,124,1.6036540611974315,598,3.7513039704365774,1
79,53,121,6.736454174749077,105,1.3725333675353912,1
79,23,275,1.7925325573928075,492,3.123319871418584,1
13,87,120,6.939495905101568,286,0.4058211223185726,1
84,11,164,2.2959816075396864,919,2.2610123955176937,0
71,46,286,1.1755130015021997,910,3.6954571099647655,1
71,78,265,1.6528449014295743,246,3.4325697152162626,1
33,47,161,0.01992135219070268,634,4.075360503379034,1
64,50,89,7.187396178535303,620,4.387260633015845,1
18,71,142,7.324010490583791,801,3.8659175062937914,1
12,69,203,5.149333499132594,563,3.35793871469463,1
40,23,227,1.613628010553837,498,0.15861245908015575,0
49,98,222,0.8355433751068975,409,2.67483336704722,0
45,93,41,0.1912896643728701,749,0.18848862457426396,0
33,11,196,1.657481769652207,868,4.040339085580113,1
15,79,68,8.908555349831467,79,1.6036226222997878,1
75,26,264,2.4153684170168175,828,2.8121468705896047,1
93,98,2,3.542713272172157,157,1.3972265365945131,1
84,37,125,1.0534548448133318,893,3.912500721901468,1
13,75,110,2.223613047481703,984,4.432512633209512,1
88,44,86,5.192245707802051,651,1.9932124710653198,1
15,14,120,6.077526830956526,766,4.314611967554945,1
60,74,127,2.4535231416621106,940,1.335375037281662,0
71,49,255,0.5773215922511721,494,2.673304615377619,1
66,85,183,3.9103286912739863,942,4.29380714919352,1
75,65,16,2.342033709263341,487,1.6294067130789518,0
88,45,62,2.195539232298019,781,4.770211325390429,1
84,54,158,9.598628027134552,939,0.6093975089069181,1
17,32,268,6.16300485925724,655,0.09137534861753116,1
35,56,35,5.5687844317209585,506,4.520676762890953,1
60,40,267,4.157751035233219,664,0.3432433307393612,1
54,20,64,4.289443334301443,784,4.959445979737459,1
53,19,50,5.4090500383808084,747,4.756984309895531,1
14,76,255,6.964298070361073,745,0.6851045501816033,1
79,23,149,7.021460961818295,544,2.6879231284628293,1
35,89,276,1.7169390770544957,723,0.9246014873357217,1
77,83,172,5.0011275207662695,296,2.1407758651505993,1
28,19,201,4.119580950341019,592,0.3071256462991634,0
93,85,35,8.705269662693842,613,1.1196229389829475,1
29,10,216,6.314189212183764,906,1.8163639819944977,1
21,14,65,5.325040664159818,637,2.193237501230274,1
56,29,8,1.1539464217891737,946,4.887481291044466,1
10,17,76,6.056378893234115,488,4.039328228419906,1
99,52,174,1.1720390568023342,327,3.687049721559731,1
23,85,47,3.3720657556575206,601,2.685206573709871,0
73,10,15,1.4284196481433187,662,4.199988803021717,1
47,66,147,6.920736470243689,160,1.6966141782785553,1
46,73,26,2.062521138361526,434,3.5444955638665805,1
20,93,93,3.91859373188026,882,4.96891987689086,1
86,37,232,8.956747776187786,810,1.573144544675994,1
12,46,21,2.043163833989703,240,3.3700876744198367,1
42,56,38,5.078050639587791,539,4.2215743207619125,1
15,85,276,4.19271661166022,743,4.579037916753361,1
59,46,157,0.18124041045729733,475,3.589663454700509,1
19,58,179,7.927581135728127,454,1.4180396170856813,1
14,53,132,0.6904590631459973,384,1.6314107578447323,0
32,65,28,4.7425502097695365,258,0.10379016061982105,0
19,37,260,5.606782949389499,71,3.8044298883575483,1
53,88,76,6.284264566145871,727,0.21369803030975687,1
11,15,67,6.886316293078756,660,4.323261773013728,1
22,70,194,2.532723835227151,257,0.593303072372694,0
49,29,162,0.09978776658449373,57,0.8593825606796213,0
11,87,257,7.2344366235491195,751,2.3826323541611867,1
93,11,72,5.356565993475786,736,3.689402075843712,1
74,82,87,8.361177032072488,834,0.6950110259953884,1
72,46,262,8.213883629006943,578,2.2003553753324923,1
82,29,214,8.433261677878832,651,2.4142563720505237,1
26,35,153,4.850946599795401,702,1.0614282083429565,0
18,38,210,3.3362839583686563,706,0.5777918834031587,0
84,10,61,7.9155820259137,215,4.182104614928198,1
24,44,268,4.51294113029255,898,2.5123282488138274,1
33,79,262,1.834421964034345,545,0.07190617992076487,1
47,68,218,8.549740195614744,639,4.014906506545519,1
44,78,283,8.825598767723474,478,4.903969027072924,1
58,42,136,4.663097561401701,823,3.0296309770712364,1
78,60,93,0.7569972730978747,212,2.5185419354203535,0
71,87,109,3.8782608991693124,415,4.392079315224809,1
69,21,241,8.035376594626033,575,4.762583948422993,1
59,29,142,9.017740285462287,288,3.7726845795123025,1
87,62,291,2.0347274249759586,121,2.227264648671439,1
84,97,237,0.6697361202527152,494,2.961106996657202,0
18,52,177,8.773504531328387,704,3.5046768250899962,1
43,98,141,3.894049389788753,871,0.9713678550090071,0
85,59,189,5.417609642675632,558,2.2360051610821903,1
44,38,49,9.680658120507589,844,4.149106323586425,1
10,66,190,0.6656472791422285,318,3.273626742492215,1
49,48,136,6.483180074520956,802,2.0560203360592704,1
73,65,43,0.7410542257486707,464,3.316812670073407,1
31,52,90,3.7546892846650035,294,0.5911120603622994,0
69,59,295,8.038145451934467,724,2.0074880528243817,1
73,32,245,4.334722327556344,109,3.965642689815282,1
81,53,192,9.971823539029504,55,1.10254393568324,1
